"age_group","mean_hours","se"
"20-39",6.32739434372379,0.139599978798544
"40-59",5.98373588702587,0.158185340160328
"≥60",5.97570420353746,0.105550766244465
